,BA,CAT,KO,DIS,JPM,MMM,MSFT,PFE,WMT,XOM,Y05,Y10,Y15,Y20,Y30
BA,-0.07635481861137033,0.1341538879492561,-0.024821120527432954,-0.006550584508119512,-0.06378889696494429,-0.13510316372515133,-0.009417395342562373,0.005759628043446248,-0.03283393426671263,0.06504924007586435,0.4806139868506823,-3.332324718374749,7.039108238558496,-4.913857030308253,0.7313190132140842
CAT,0.004510012067267567,-0.002614783181582027,-0.059448969833508905,0.041880758844504734,-0.010357591519856834,0.020282789137899035,0.03612500316515483,-0.02813608355808937,0.038591102972109416,-0.034775618603344174,0.22166233504186544,-1.4216257345431844,2.769002689569482,-1.9832258328147985,0.3773149174629225
KO,0.02775971576033206,0.03955361557757479,-0.04929139664456109,-0.007273471094368291,-0.018342984927717874,-0.06013071992310248,-0.014565568831345804,0.030707033175310816,-0.05529413460411666,0.0388850725069323,0.2495029551148452,-1.6173513594809694,2.9828097863788443,-1.9266066217365292,0.31140255897082214
DIS,0.02543760701515111,0.03274613196912154,-0.05037639162167757,-0.02849723015543428,0.011060263007501363,0.05893781467731152,-0.014379253653696966,-0.016718954909562062,0.024940083864604095,-0.03300994826297419,0.14284094179926754,-1.1776482804301243,2.610523968800066,-1.8974653439460913,0.28818899141949955
JPM,0.014989003594750045,0.05859242844626652,-0.020290878934325827,0.04639141713800912,-0.16673583643794856,-0.028613116592565997,0.05193164756483422,0.0705921825451885,0.04539085987504678,-0.023648299077757673,0.3134239823960192,-1.833363975891078,3.7799414224217878,-2.6768549383893903,0.35302882401622887
MMM,0.034480088359782536,0.09631512609210542,0.018764125655377818,-0.038648377961730616,-0.06965404641611458,-0.09814707790860894,-0.03946759392941716,0.02983708526607974,0.006868955437734395,-0.030357291635858142,0.16331550635184924,-1.001239210220437,1.6322109723834801,-0.8756743426603307,0.1067462791215189
MSFT,0.016996607371890307,-0.015450791033188138,-0.038602420927475234,-0.010694610529044479,0.03256386654754207,-0.03604525730923794,0.008196442141527519,-0.03170085486310703,-0.0487718460761343,-0.032483411709764536,0.16938978361716223,-1.0209578924439262,1.8782622654864205,-1.2043319801351902,0.1529897361142897
PFE,0.023632046198908803,0.01606491878055356,-0.0430230366760738,-0.015530761708523723,-0.04470773800898911,0.010699517248197224,0.03491189428133308,-0.06563410620764099,0.01571213592422969,-0.011314062312752511,0.056673867682634806,-0.47011352347149415,0.7258385303897518,-0.26427773200594884,-0.07917745942211177
WMT,0.04171527111282916,0.013533763738581653,0.007168346424173954,-0.08318332009900836,0.011098275633237547,-0.019988761983739577,0.03778656988688242,-0.01209988891933933,-0.1303707691326517,-0.07095551203432077,-0.061388493290755394,0.11975797682430152,-0.3130532561494105,0.43848776674435475,-0.18756385948342802
XOM,-0.000491841675331537,0.05826824435701537,-0.06661934928228846,0.034145555158500616,-0.055386827728437706,-0.012874636208386433,-0.004624189673654915,0.014195787547583289,0.0005347353775126417,-0.08724524148535202,0.33102060093437013,-2.0376547325575007,4.0896553868471095,-2.7599212069130727,0.38249906953011986
Y05,-0.011711992249240185,0.00044685903848747067,0.006680950250023799,0.055535227380420986,-0.0012413686751053,-0.06479653602974528,-0.007398684045170179,-0.010756925052305591,0.011296960220062952,0.06221868908830456,0.2711077393311597,-1.0020336154066607,0.7777593134584053,-0.055020286095020944,-0.11151610731830702
Y10,-0.04272406820915068,-0.01695614164523945,-0.00042676963309044326,0.05296685008720211,0.012943386080925505,-0.04340591157934052,-0.006324140290954444,-0.007419784266516825,0.02074638087276506,0.041764718297471394,0.21167066968459175,-0.5344906076308437,0.1879466615353523,0.12071944941940407,-0.08943681220465212
Y15,-0.0348710817976451,-0.019168972698360286,-0.011186698625892616,0.05283001028780009,0.014417821579133525,-0.03519810977050286,-0.004872423637152409,-0.00917180585068554,0.013787945022941714,0.037973960787990396,0.14147057697857465,-0.3036074840027705,0.10176836122068002,-0.010854448341888343,-0.024427311570877838
Y20,-0.02287057217139505,-0.018133502785775312,-0.015880417519558855,0.04873855543963736,0.013314087703921958,-0.02903730051839858,-0.005443216337207423,-0.010223384616887599,0.009331328496372455,0.03617303650566828,0.15016652583413082,-0.42789904100679094,0.4431592134332797,-0.2861628183409233,0.02418166263901936
Y30,-0.0173248357759622,-0.01659497090972456,-0.007040312156690437,0.036405167873749235,0.007094047644688532,-0.014343866262343899,-0.0029731162450573364,-0.010960982146173125,0.01309860221708441,0.02055919717730117,0.19423902430294962,-0.4284135474913233,0.0015915718998566167,0.2842366251917099,-0.1481841409597105
